{
    "PySpark Logistic Regression": 0.8790322580645161,
    "PySpark Decision Tree": 0.9758064516129032
}